Ente;Liste/Gruppi;Voti;Year;
ITALIA;DC;11773182;1963;
ITALIA;PCI;7767601;1963;
ITALIA;PSI;4255836;1963;
ITALIA;PLI;2144270;1963;
ITALIA;PSDI;1876271;1963;
ITALIA;MSI;1570282;1963;
ITALIA;PDIUM;536948;1963;
ITALIA;PRI;420213;1963;
ITALIA;PPST;135457;1963;
ITALIA;CONC.UNITA'RURALE;92209;1963;
ITALIA;PAPI;87655;1963;
ITALIA;UV;31844;1963;
ITALIA;M.COMB.IT-FR.RIN.NAZ;19902;1963;
ITALIA;MOV.POL.CATT.IT.;7220;1963;
ITALIA;PART.SOC.CRIST.;6873;1963;
ITALIA;PART.MON.NAZ.;6472;1963;
ITALIA;L.UNIT.SLOV.;5679;1963;
ITALIA;MOV.IND.TLT;4261;1963;
ITALIA;UN.NAZ.SAL.PUB.;2926;1963;
ITALIA;MOV.COLT.E SAL.;2685;1963;
ITALIA;RINN.SOC.;1750;1963;
ITALIA;MOV.POP.IT.;1621;1963;
ITALIA;AV.NAZ.;959;1963;
ITALIA;PART.LAB.IT.;755;1963;
ITALIA;FORZA ITALIA;8136135;1994;
ITALIA;PDS;7881646;1994;
ITALIA;ALLEANZA NAZIONALE;5214133;1994;
ITALIA;P.POPOLARE ITALIANO;4287172;1994;
ITALIA;LEGA NORD;3235248;1994;
ITALIA;RIFONDAZIONE COMUNISTA;2343946;1994;
ITALIA;PATTO SEGNI;1811814;1994;
ITALIA;LISTA PANNELLA;1359283;1994;
ITALIA;FEDERAZIONE DEI VERDI;1047268;1994;
ITALIA;PSI;849429;1994;
ITALIA;LA RETE-MOV.DEM.;719841;1994;
ITALIA;ALLEANZA DEMOCRATICA;456114;1994;
ITALIA;SVP;231842;1994;
ITALIA;SOCIALDEMOCRAZIA;179495;1994;
ITALIA;PROGRAMMA ITALIA;151328;1994;
ITALIA;LEGA ALPINA LUMBARDA;136782;1994;
ITALIA;LEGA AUT.VENETA;103764;1994;
ITALIA;LEGA D'AZIONE MERIDIONALE;59873;1994;
ITALIA;UN.POP.;36343;1994;
ITALIA;VERDI-VERDI;32832;1994;
ITALIA;SOLID.OCCUPAZ.SVILUP;32653;1994;
ITALIA;PART.LEGGE NATURALE;24554;1994;
ITALIA;PARTIDU INDIP.;24043;1994;
ITALIA;UNIONE DEM.ITALIANA;20227;1994;
ITALIA;UN.CRIST.RIF.;15844;1994;
ITALIA;PATTO SOLIDARIETA';15671;1994;
ITALIA;LG.ANGELA BOSSI;15234;1994;
ITALIA;LEGA PER IL PIEMONTE;15118;1994;
ITALIA;ALL.MERIDIONALE;14993;1994;
ITALIA;ADA;12898;1994;
ITALIA;ALL.POP.;12827;1994;
ITALIA;L'ARCA;12053;1994;
ITALIA;RIN.SALENTINA;11479;1994;
ITALIA;INIZIATIVA POP.DEM.;11247;1994;
ITALIA;MOV.CRIST.DEM.;11036;1994;
ITALIA;SOLID.PROGRESSO;10310;1994;
ITALIA;INSIEME PER SVILUPPO;10282;1994;
ITALIA;LISTA FRANCO GRECO;10241;1994;
ITALIA;RINASCITA SOCIALISTA;10070;1994;
ITALIA;DEM.E SOLIDARIETA';9546;1994;
ITALIA;UNIONE MEDITERRANEA;9079;1994;
ITALIA;MOV.MERIDIONALE;8700;1994;
ITALIA;DEMOCRAZIA SICILIANA;8584;1994;
ITALIA;MOV.CATTOLICO DEM.;8348;1994;
ITALIA;RIFORMISTI IRPINI;8338;1994;
ITALIA;P.DEM.;7675;1994;
ITALIA;UNIONE POP.;7673;1994;
ITALIA;ALL.MUNICIPALITA';7432;1994;
ITALIA;UTOPIA;6951;1994;
ITALIA;MOV.REP.;6616;1994;
ITALIA;MOV.CRIST.VERITAS;6404;1994;
ITALIA;RINNOVAMENTO;6000;1994;
ITALIA;RIN.DEMOCRATICO;5600;1994;
ITALIA;CENTRO DEMOCRATICO;4911;1994;
ITALIA;LIBERAL DEM.EUROPEI;4633;1994;
ITALIA;INSIEME PER CAMBIARE;4588;1994;
ITALIA;P.POP.PROGRESSISTA;4554;1994;
ITALIA;MEDITERRANEO;3867;1994;
ITALIA;MOV.LIBERALDEM.SOC.;3429;1994;
ITALIA;MOV.POP.CRIST.;3390;1994;
ITALIA;ALL.PROGRAMMA;3388;1994;
ITALIA;MOV.EUR.LIB.CRIST.;2745;1994;
ITALIA;ALL.PER I CASTELLI;2737;1994;
ITALIA;AUTONOMIA SOCIALISTA;2720;1994;
ITALIA;IDEA CITTA';2695;1994;
ITALIA;CENTRO CRIST.DEM.;2646;1994;
ITALIA;DEM.E RINNOVAMENTO;2576;1994;
ITALIA;DC;12153081;1983;
ITALIA;PCI;11032318;1983;
ITALIA;PSI;4223362;1983;
ITALIA;MSI-DN;2511487;1983;
ITALIA;PRI;1874512;1983;
ITALIA;PSDI;1508234;1983;
ITALIA;PLI;1066980;1983;
ITALIA;P.RAD;809810;1983;
ITALIA;DEM.PROL;542039;1983;
ITALIA;PART.NAZ.PENS.;503461;1983;
ITALIA;PPST;184940;1983;
ITALIA;LIGA VENETA;125311;1983;
ITALIA;LISTA PER TRIESTE;92101;1983;
ITALIA;PS D'AZ.;91923;1983;
ITALIA;UV-UVP-D.POP.;28086;1983;
ITALIA;MOV.FRIULI;26190;1983;
ITALIA;PPTT;18656;1983;
ITALIA;UN.DIF.PENS.;15182;1983;
ITALIA;PART.MON.NAZ.;13573;1983;
ITALIA;PART.SUD.TIROL;12270;1983;
ITALIA;UN.PEN.PENS.IT.;9944;1983;
ITALIA;UNIONE SLOVENA;9434;1983;
ITALIA;POE;8074;1983;
ITALIA;LISTA DI LOTTA;6863;1983;
ITALIA;PART.CRIST.AZ.SOC.;6354;1983;
ITALIA;VIV.LIB.;5257;1983;
ITALIA;FR.NAZ.SIC.;5228;1983;
ITALIA;PART.NAZ.INQ.;4768;1983;
ITALIA;MOV.ECOL.SARDO;4263;1983;
ITALIA;PLI-PRI-PSDI;4239;1983;
ITALIA;MOV.IND.TLT;2913;1983;
ITALIA;NUOVA SINISTRA;1853;1983;
ITALIA;GIUST. E LIB.;1692;1983;
ITALIA;MOV.POP.CRIST.;1607;1983;
ITALIA;DC;12520207;1958;
ITALIA;PCI;6704454;1958;
ITALIA;PSI;4206726;1958;
ITALIA;MSI;1407718;1958;
ITALIA;PSDI;1345447;1958;
ITALIA;PLI;1047081;1958;
ITALIA;P.MONARCHICO POP.;776919;1958;
ITALIA;P.NAZ.MONARCHICO;659997;1958;
ITALIA;PRI-P.RAD.;405782;1958;
ITALIA;COMUNITA';173227;1958;
ITALIA;PPST;135491;1958;
ITALIA;MOVIM.AUT.REG.-M.A.R.P.;70589;1958;
ITALIA;UV;30596;1958;
ITALIA;P.CAT.RIS.NAZ.CPI;15929;1958;
ITALIA;FED.AUT.SOCIALDEM.IT;9332;1958;
ITALIA;P.NAZIONALE LAVORO;7183;1958;
ITALIA;AUT.PIEMONT-MOV.VIL.;6955;1958;
ITALIA;UNIONE TRIESTINA;6661;1958;
ITALIA;FR.DELL'INDIPENDENZA;6305;1958;
ITALIA;MOV.PRO PENSIONATI;4987;1958;
ITALIA;FR.UNICO SOLDATO IT.;4172;1958;
ITALIA;CONC.EUROPEA DEMOC.;4133;1958;
ITALIA;MOV.INDIP.DIVORZISTI;3955;1958;
ITALIA;P.SOC.SICILIANO;3136;1958;
ITALIA;MOV.NAZIONALE IT.;1499;1958;
ITALIA;MOV.AZIONE-RINNOVAM.;752;1958;
ITALIA;MOV.ECONOMICO IT.SOC;571;1958;
ITALIA;P.IT.MUT.INV.GUERRA;465;1958;
ITALIA;PARTITO DEMOCRATICO;8646034;2013
ITALIA;SINISTRA ECOLOGIA LIBERTA';1089231;2013
ITALIA;CENTRO DEMOCRATICO;167328;2013
ITALIA;SVP;146800;2013
ITALIA;IL POPOLO DELLA LIBERTA';7332134;2013
ITALIA;LEGA NORD;1390534;2013
ITALIA;FRATELLI D'ITALIA;666765;2013
ITALIA;LA DESTRA;219585;2013
ITALIA;GRANDE SUD - MPA;148248;2013
ITALIA;MIR - MODERATI IN RIVOLUZIONE;82557;2013
ITALIA;PARTITO PENSIONATI;54418;2013
ITALIA;INTESA POPOLARE;26120;2013
ITALIA;LIBERI PER UNA ITALIA EQUA;3239;2013
ITALIA;MOVIMENTO 5 STELLE BEPPEGRILLO.IT;8691406;2013
ITALIA;SCELTA CIVICA CON MONTI PER L'ITALIA;2823842;2013
ITALIA;UNIONE DI CENTRO;608321;2013
ITALIA;FUTURO E LIBERTA';159378;2013
ITALIA;RIVOLUZIONE CIVILE;765189;2013
ITALIA;FARE PER FERMARE IL DECLINO;380044;2013
ITALIA;PARTITO COMUNISTA DEI LAVORATORI;89643;2013
ITALIA;FORZA NUOVA;90047;2013
ITALIA;LISTA AMNISTIA GIUSTIZIA LIBERTA';65022;2013
ITALIA;DIE FREIHEITLICHEN;48317;2013
ITALIA;CASAPOUND ITALIA;47911;2013
ITALIA;FIAMMA TRICOLORE;44408;2013
ITALIA;IO AMO L'ITALIA;42603;2013
ITALIA;INDIPENDENZA VENETA;33217;2013
ITALIA;LIBERALI PER L'ITALIA - PLI;27964;2013
ITALIA;PS D'AZ.;18592;2013
ITALIA;LG.VENETA REPUBBLICA;15838;2013
ITALIA;VOTO DI PROTESTA;12743;2013
ITALIA;VENETO STATO;11398;2013
ITALIA;RIFORMISTI ITALIANI;8248;2013
ITALIA;INDIPENDENZA PER LA SARDEGNA;7471;2013
ITALIA;PRI;6910;2013
ITALIA;MERIS;5897;2013
ITALIA;PARTITO DI ALTERNATIVA COMUNISTA;5196;2013
ITALIA;I PIRATI;4577;2013
ITALIA;MOVIMENTO PROGETTO ITALIA - MID;3957;2013
ITALIA;RIFONDAZIONE MISSINA ITALIANA;3091;2013
ITALIA;POPOLARI UNITI;2992;2013
ITALIA;PROGETTO NAZIONALE;2870;2013
ITALIA;MOVIMENTO P.P.A.;1526;2013
ITALIA;UNIONE POP.;1475;2013
ITALIA;TUTTI INSIEME PER L'ITALIA;1485;2013
ITALIA;STAMINALI D'ITALIA;586;2013
ITALIA;DEMOCRAZIA ATEA;598;2013
ESTERO;PARTITO DEMOCRATICO;287975;2013
ESTERO;CON MONTI PER L'ITALIA;181041;2013
ESTERO;IL POPOLO DELLA LIBERTA';145751;2013
ESTERO;MOV.ASSOCIATIVO ITALIANI ALL'ESTERO;140868;2013
ESTERO;MOVIMENTO 5 STELLE BEPPEGRILLO.IT;95173;2013
ESTERO;USEI;43918;2013
ESTERO;ITALIANI PER LA LIBERTA';22348;2013
ESTERO;SINISTRA ECOLOGIA LIBERTA';17434;2013
ESTERO;RIVOLUZIONE CIVILE;16033;2013
ESTERO;UNIONE ITALIANI SUDAMERICA;11330;2013
ESTERO;FARE PER FERMARE IL DECLINO;10195;2013
ESTERO;PARTITO COMUNISTA;6977;2013
ESTERO;INSIEME PER GLI ITALIANI;3838;2013
ITALIA;PDS;7894118;1996;
ITALIA;FORZA ITALIA;7712149;1996;
ITALIA;ALLEANZA NAZIONALE;5870491;1996;
ITALIA;LEGA NORD;3776354;1996;
ITALIA;RIFONDAZIONE COMUNISTA;3213748;1996;
ITALIA;POP-SVP-PRI-UD-PRODI;2554072;1996;
ITALIA;CCD-CDU;2189563;1996;
ITALIA;RINNOVAMENTO IT-DINI;1627380;1996;
ITALIA;FEDERAZIONE DEI VERDI;938665;1996;
ITALIA;PANNELLA-SGARBI;702988;1996;
ITALIA;MOV.SOC.TRICOLORE;339351;1996;
ITALIA;SOCIALISTA;149441;1996;
ITALIA;LEGA D'AZIONE MERIDIONALE;72062;1996;
ITALIA;UNIONE NORD EST;63934;1996;
ITALIA;UNION FUR SUD TIROL;55548;1996;
ITALIA;MANI PULITE;44935;1996;
ITALIA;NOI SICILIANI-FNS;41001;1996;
ITALIA;PS D'AZ.;38002;1996;
ITALIA;VERDI-VERDI;25788;1996;
ITALIA;SARDIGNA NATZIONE;23355;1996;
ITALIA;GR.INDIP.LIBERTA';17451;1996;
ITALIA;AMBIENTALISTI;15560;1996;
ITALIA;PART.UMANISTA;14601;1996;
ITALIA;RINNOVAMENTO;13677;1996;
ITALIA;PATTO PER L'AGRO;12297;1996;
ITALIA;DEMOCRAZIA SOCIALE;9319;1996;
ITALIA;MOV.RIN.IT.;8886;1996;
ITALIA;MOV.AUT.TOSCANO;8627;1996;
ITALIA;PART.LEGGE NATURALE;8298;1996;
ITALIA;NUOVA DEMOCRAZIA;8185;1996;
ITALIA;FEDERALISTI LIBERALI;6475;1996;
ITALIA;PER LE MARCHE;5545;1996;
ITALIA;NUOVE ENERGIE;5393;1996;
ITALIA;SVILUPPO-LEGALITA';5347;1996;
ITALIA;NORD LIBERO AUT.;4965;1996;
ITALIA;PART.FEDERAL.;3743;1996;
ITALIA;RISORGIMENTO DEL SUD;3084;1996;
ITALIA;DC;14209519;1976;
ITALIA;PCI;12614650;1976;
ITALIA;PSI;3540309;1976;
ITALIA;MSI-DN;2238339;1976;
ITALIA;PSDI;1239492;1976;
ITALIA;PRI;1135546;1976;
ITALIA;DEM.PROL;557025;1976;
ITALIA;PLI;480122;1976;
ITALIA;P.RAD;394439;1976;
ITALIA;PPST;184375;1976;
ITALIA;PCI-PSI-PDUP;26748;1976;
ITALIA;DC-RV-UV-UVP-PRI;24091;1976;
ITALIA;DEM.POP-UVP M.REG;20234;1976;
ITALIA;NPP;10927;1976;
ITALIA;UNIONE SLOVENA;8183;1976;
ITALIA;TIROL.;7664;1976;
ITALIA;POE;5522;1976;
ITALIA;MOV.IND.TLT;4540;1976;
ITALIA;P.DEM.;2797;1976;
ITALIA;PART.SIN.DEM.;1757;1976;
ITALIA;UN.BEN.CIV.;1299;1976;
ITALIA;DC;12437848;1968;
ITALIA;PCI;8551347;1968;
ITALIA;PSU;4603192;1968;
ITALIA;PLI;1850650;1968;
ITALIA;PSIUP;1414697;1968;
ITALIA;MSI;1414036;1968;
ITALIA;PRI;626533;1968;
ITALIA;PDIUM;414507;1968;
ITALIA;PPST;152991;1968;
ITALIA;SOCIALDEMOCRAZIA;100212;1968;
ITALIA;NUOVA REPUBBLICA;63402;1968;
ITALIA;PAPI;41716;1968;
ITALIA;UV;31557;1968;
ITALIA;PS D'AZ.;27228;1968;
ITALIA;PART.MON.NAZ.;18883;1968;
ITALIA;MOV.SOC.;6551;1968;
ITALIA;UNIONE SLOVENA;6142;1968;
ITALIA;PST.PROG.SOC.;5740;1968;
ITALIA;UN.NAZ.SAL.PUB.;3697;1968;
ITALIA;"RAG.VOL.""T""";3158;1968;
ITALIA;PART.ORD.ECON.;3013;1968;
ITALIA;PART.DEM.PROG.;2208;1968;
ITALIA;PART.AGRICOLTORI;2061;1968;
ITALIA;RAGGR.ITAL.;1807;1968;
ITALIA;P.COM.RIVOL.;1798;1968;
ITALIA;P.RAD;1540;1968;
ITALIA;RIS.POP.;1196;1968;
ITALIA;SACRO IDEAL.MONDO;1126;1968;
ITALIA;P.PROG.UNSIPO;1068;1968;
ITALIA;PART.NAZ.MUT.COMB.IT;524;1968;
ITALIA;DC;12740042;1948;
ITALIA;FR.DEMOCR.POPOLARE;8136637;1948;
ITALIA;UNITA' SOCIALISTA;1858116;1948;
ITALIA;BLOCCO NAZIONALE;1003727;1948;
ITALIA;P.NAZ.MON.ALL.D.LAV.;729078;1948;
ITALIA;PRI;651875;1948;
ITALIA;MSI;526882;1948;
ITALIA;PPST;124243;1948;
ITALIA;P.CONTADINI D'ITALIA;95914;1948;
ITALIA;PARTITO CRISTIANO SOCIALE;72854;1948;
ITALIA;PS D'AZ.;61928;1948;
ITALIA;MOV.NAZ.DEM.SOC.;56096;1948;
ITALIA;UN.MOV.FEDERALISTI;52655;1948;
ITALIA;BLOCCO POP.UNIONISTA;35899;1948;
ITALIA;PC.INTERNAZIONALISTA;20736;1948;
ITALIA;FR.DEM.PROG.REPUB.;14482;1948;
ITALIA;CONC.NAZ.COMBAT.UNIT;11396;1948;
ITALIA;ALTRE LISTE;10545;1948;
ITALIA;P.DEMOLABURISTA IT.;10002;1948;
ITALIA;P.DEM.IND.PENSIONATI;8125;1948;
ITALIA;P.INDIPENDENTE CONTADINI;6733;1948;
ITALIA;FR.DEGLI ITALIANI;5481;1948;
ITALIA;GR.POL.LA DESTRA;4300;1948;
ITALIA;AS.NAZ.CONG.DIS.GUER;3707;1948;
ITALIA;P.PATRIA E LIBERTA';3178;1948;
ITALIA;CONC.RUR.IND.AOSTA;2906;1948;
ITALIA;FR.ANTIBOLSCEVICO IT;2756;1948;
ITALIA;UN.SOCIAL.INDIP.;2637;1948;
ITALIA;RAGGRUP.POP.ITALIANO;2191;1948;
ITALIA;FR.UN.ANTICOM.RIS.N.;2091;1948;
ITALIA;MAGLIO;1642;1948;
ITALIA;CONF.IT.LIBERI SIND.;1531;1948;
ITALIA;M.NAZ.SIN.DAN.GUERRA;1179;1948;
ITALIA;LEGA SARDA;1117;1948;
ITALIA;M.CAT.IND.PAX JUSTIT;961;1948;
ITALIA;P.ESISTENZIALISTA IT;816;1948;
ITALIA;DC;13233620;1987;
ITALIA;PCI;10250644;1987;
ITALIA;PSI;5501696;1987;
ITALIA;MSI-DN;2281126;1987;
ITALIA;PRI;1428663;1987;
ITALIA;PSDI;1140209;1987;
ITALIA;P.RAD;987720;1987;
ITALIA;LISTA VERDE;969218;1987;
ITALIA;PLI;809946;1987;
ITALIA;DEM.PROL;641901;1987;
ITALIA;LIGA VENETA-PU;298402;1987;
ITALIA;PPST;202022;1987;
ITALIA;LEGA LOMBARDA;186255;1987;
ITALIA;PS D'AZ.;169978;1987;
ITALIA;PIEMONT-AUT.REG.;72064;1987;
ITALIA;PIEMONT;61701;1987;
ITALIA;CPA;55911;1987;
ITALIA;UV-ADP-PRI;41707;1987;
ITALIA;DC-PCI-PSI-PSDI;29937;1987;
ITALIA;ALL.POP.;25339;1987;
ITALIA;MOV.LIB.FISCALE;25046;1987;
ITALIA;ALL.PENS.;21342;1987;
ITALIA;P.VERDE I.VER.E.;20916;1987;
ITALIA;MOV.VEN.REG.AUT;18945;1987;
ITALIA;MOV.NAZ.IT.CACC.;14787;1987;
ITALIA;PNI-CACCIA PESCA;14306;1987;
ITALIA;MOV.FRIULI;13208;1987;
ITALIA;PART.SUD.TIROL;11287;1987;
ITALIA;VERDI IT.-P.ECOL;10269;1987;
ITALIA;PARTIDU INDIP.;9958;1987;
ITALIA;ALL.UM.;5585;1987;
ITALIA;NPP;5055;1987;
ITALIA;GIUST. E LIB.;4793;1987;
ITALIA;RINASCITA SIC.;2951;1987;
ITALIA;PART.NAZ.INQ.;2898;1987;
ITALIA;MOV.IND.TLT;2103;1987;
ITALIA;FORZA ITALIA;10923431;2001;
ITALIA;DEMOCRATICI SINISTRA;6151154;2001;
ITALIA;LA MARGHERITA;5391827;2001;
ITALIA;ALLEANZA NAZIONALE;4463205;2001;
ITALIA;RIFONDAZIONE COMUNISTA;1868659;2001;
ITALIA;LEGA NORD;1464301;2001;
ITALIA;LISTA DI PIETRO;1443725;2001;
ITALIA;CCD-CDU;1194040;2001;
ITALIA;DEMOCRAZIA EUROPEA;888249;2001;
ITALIA;PANNELLA-BONINO;832213;2001;
ITALIA;IL GIRASOLE;805340;2001;
ITALIA;COMUNISTI ITALIANI;620859;2001;
ITALIA;NUOVO PSI;353269;2001;
ITALIA;SVP;200059;2001;
ITALIA;FIAMMA TRICOLORE;143963;2001;
ITALIA;LIGA FRONTE VENETO;74353;2001;
ITALIA;PARTITO PENSIONATI;68349;2001;
ITALIA;PS D'AZ-SARD.NATZ.;34412;2001;
ITALIA;PAESE NUOVO;34193;2001;
ITALIA;ABOLIZIONE SCORPORO;26917;2001;
ITALIA;LEGA D'AZIONE MERIDIONALE;23779;2001;
ITALIA;FRONTE NAZIONALE;22985;2001;
ITALIA;VERDI-VERDI;18262;2001;
ITALIA;FORZA NUOVA;13622;2001;
ITALIA;LISTA AMADU;11517;2001;
ITALIA;REPUBBLICANI EUROPEI;7997;2001;
ITALIA;NOI SICILIANI;7637;2001;
ITALIA;MOVIMENTO DELLE LIBERTA';6754;2001;
ITALIA;LIBERI E FORTI;6722;2001;
ITALIA;SOCIAL.AUTON.;6492;2001;
ITALIA;LIBDEM.BASTA;6332;2001;
ITALIA;COMUNISMO;5244;2001;
ITALIA;TERZO POLO AUTONOMIA;2915;2001;
ITALIA (escl. Valle d'Aosta);PARTITO DEMOCRATICO;12095306;2008;
ITALIA (escl. Valle d'Aosta);DI PIETRO ITALIA DEI VALORI;1594024;2008;
ITALIA (escl. Valle d'Aosta);IL POPOLO DELLA LIBERTA';13629464;2008;
ITALIA (escl. Valle d'Aosta);LEGA NORD;3024543;2008;
ITALIA (escl. Valle d'Aosta);MOVIMENTO PER L'AUTONOMIA ALL.PER IL SUD;410499;2008;
ITALIA (escl. Valle d'Aosta);LA SINISTRA L'ARCOBALENO;1124298;2008;
ITALIA (escl. Valle d'Aosta);UNIONE DI CENTRO;2050229;2008;
ITALIA (escl. Valle d'Aosta);LA DESTRA - FIAMMA TRICOLORE;884961;2008;
ITALIA (escl. Valle d'Aosta);M.E.D.A.;16483;2008;
ITALIA (escl. Valle d'Aosta);DIE FREIHEITLICHEN;28340;2008;
ITALIA (escl. Valle d'Aosta);SVP;147718;2008;
ITALIA (escl. Valle d'Aosta);SARDIGNA NATZIONE;7176;2008;
ITALIA (escl. Valle d'Aosta);LEGA SUD;4399;2008;
ITALIA (escl. Valle d'Aosta);FORZA NUOVA;109699;2008;
ITALIA (escl. Valle d'Aosta);P.LIBERALE ITALIANO;104053;2008;
ITALIA (escl. Valle d'Aosta);PS D'AZ.;14860;2008;
ITALIA (escl. Valle d'Aosta);PARTITO SOCIALISTA;355495;2008;
ITALIA (escl. Valle d'Aosta);ASS.DIFESA DELLA VITA ABORTO?NO,GRAZIE;135535;2008;
ITALIA (escl. Valle d'Aosta);SINISTRA CRITICA;168916;2008;
ITALIA (escl. Valle d'Aosta);PER IL BENE COMUNE;119569;2008;
ITALIA (escl. Valle d'Aosta);IL LOTO;1797;2008;
ITALIA (escl. Valle d'Aosta);L'INTESA VENETA;2388;2008;
ITALIA (escl. Valle d'Aosta);PARTITO DI ALTERNATIVA COMUNISTA;1993;2008;
ITALIA (escl. Valle d'Aosta);PARTITO COMUNISTA DEI LAVORATORI;208296;2008;
ITALIA (escl. Valle d'Aosta);UNION FUR SUD TIROL;12981;2008;
ITALIA (escl. Valle d'Aosta);LEGA PER L'AUTONOMIA ALL.LOMB. LEGA PENS;13992;2008;
ITALIA (escl. Valle d'Aosta);LG.VENETA REPUBBLICA;31353;2008;
ITALIA (escl. Valle d'Aosta);MOVIMENTO P.P.A.;946;2008;
ITALIA (escl. Valle d'Aosta);LISTA DEI GRILLI PARLANTI;66835;2008;
ITALIA (escl. Valle d'Aosta);UNIONE DEMOCRATICA PER I CONSUMATORI;91106;2008;
CIRCOSCRIZIONE ESTERO;PARTITO DEMOCRATICO;338954;2008;
CIRCOSCRIZIONE ESTERO;IL POPOLO DELLA LIBERTA';322437;2008;
CIRCOSCRIZIONE ESTERO;UNIONE DI CENTRO;88017;2008;
CIRCOSCRIZIONE ESTERO;MOV.ASSOCIATIVO ITALIANI ALL'ESTERO;86970;2008;
CIRCOSCRIZIONE ESTERO;ASS.ITAL.SUD AMERICA;64325;2008;
CIRCOSCRIZIONE ESTERO;DI PIETRO ITALIA DEI VALORI;42149;2008;
CIRCOSCRIZIONE ESTERO;PARTITO SOCIALISTA;32513;2008;
CIRCOSCRIZIONE ESTERO;LA SINISTRA L'ARCOBALENO;28495;2008;
CIRCOSCRIZIONE ESTERO;LA DESTRA - FIAMMA TRICOLORE;14974;2008;
CIRCOSCRIZIONE ESTERO;L' ALTRA SICILIA PER IL SUD;9251;2008;
CIRCOSCRIZIONE ESTERO;SINISTRA CRITICA;6062;2008;
CIRCOSCRIZIONE ESTERO;CONSUMATORI CIVICI ITALIANI;4878;2008;
CIRCOSCRIZIONE ESTERO;VALORI E FUTURO;4493;2008;
ITALIA (escl. Valle d'Aosta);L'ULIVO;11930983;2006;
ITALIA (escl. Valle d'Aosta);RIFONDAZIONE COMUNISTA;2229464;2006;
ITALIA (escl. Valle d'Aosta);LA ROSA NEL PUGNO;990694;2006;
ITALIA (escl. Valle d'Aosta);COMUNISTI ITALIANI;884127;2006;
ITALIA (escl. Valle d'Aosta);DI PIETRO ITALIA DEI VALORI;877052;2006;
ITALIA (escl. Valle d'Aosta);FEDERAZIONE DEI VERDI;784803;2006;
ITALIA (escl. Valle d'Aosta);U.D.EUR POPOLARI;534088;2006;
ITALIA (escl. Valle d'Aosta);PARTITO PENSIONATI;333278;2006;
ITALIA (escl. Valle d'Aosta);SVP;182704;2006;
ITALIA (escl. Valle d'Aosta);"I SOCIALISTI ";115066;2006;
ITALIA (escl. Valle d'Aosta);LISTA CONSUMATORI;73751;2006;
ITALIA (escl. Valle d'Aosta);ALLEANZA LOMBARDA AUTONOMIA;44589;2006;
ITALIA (escl. Valle d'Aosta);LIGA FRONTE VENETO;21999;2006;
ITALIA (escl. Valle d'Aosta);FORZA ITALIA;9048976;2006;
ITALIA (escl. Valle d'Aosta);ALLEANZA NAZIONALE;4707126;2006;
ITALIA (escl. Valle d'Aosta);UNIONE DI CENTRO;2580190;2006;
ITALIA (escl. Valle d'Aosta);LEGA NORD;1747730;2006;
ITALIA (escl. Valle d'Aosta);DEM.CRIST.-NUOVO PSI;285474;2006;
ITALIA (escl. Valle d'Aosta);ALTERNATIVA SOCIALE MUSSOLINI;255354;2006;
ITALIA (escl. Valle d'Aosta);FIAMMA TRICOLORE;230506;2006;
ITALIA (escl. Valle d'Aosta);NO EURO;58746;2006;
ITALIA (escl. Valle d'Aosta);PENSIONATI UNITI;27550;2006;
ITALIA (escl. Valle d'Aosta);AMBIENTA-LISTA;17145;2006;
ITALIA (escl. Valle d'Aosta);P.LIBERALE ITALIANO;12265;2006;
ITALIA (escl. Valle d'Aosta);S.O.S. ITALIA;6781;2006;
ITALIA (escl. Valle d'Aosta);DESTRA NAZIONALE;1093;2006;
ITALIA (escl. Valle d'Aosta);SARDIGNA NATZIONE;11000;2006;
ITALIA (escl. Valle d'Aosta);DIMENSIONE CHRISTIANA;2489;2006;
ITALIA (escl. Valle d'Aosta);PER IL SUD;5130;2006;
ITALIA (escl. Valle d'Aosta);DIE FREIHEITLICHEN;17183;2006;
ITALIA (escl. Valle d'Aosta);MOVIMENTO TRIVENETO;4518;2006;
ITALIA (escl. Valle d'Aosta);MOV.DEM.SIC-NOI SIC.;5003;2006;
ITALIA (escl. Valle d'Aosta);PROGETTO NORDEST;92002;2006;
ITALIA (escl. Valle d'Aosta);SOLIDARIETA';5814;2006;
ITALIA (escl. Valle d'Aosta);IRS;11648;2006;
ITALIA (escl. Valle d'Aosta);TERZO POLO;16174;2006;
ITALIA (escl. Valle d'Aosta);LEGA SUD;848;2006;
CIRCOSCRIZIONE ESTERO;L'UNIONE;421414;2006;
CIRCOSCRIZIONE ESTERO;FORZA ITALIA;202536;2006;
CIRCOSCRIZIONE ESTERO;ASS.ITAL.SUD AMERICA;99817;2006;
CIRCOSCRIZIONE ESTERO;PER ITALIA NEL MONDO;72105;2006;
CIRCOSCRIZIONE ESTERO;UNIONE DI CENTRO;66456;2006;
CIRCOSCRIZIONE ESTERO;DI PIETRO ITALIA DEI VALORI;27432;2006;
CIRCOSCRIZIONE ESTERO;LEGA NORD;20211;2006;
CIRCOSCRIZIONE ESTERO;U.S.E.I.;14205;2006;
CIRCOSCRIZIONE ESTERO;P.ITALIANI NEL MONDO;11250;2006;
CIRCOSCRIZIONE ESTERO;L' ALTRA SICILIA PER IL SUD;10867;2006;
CIRCOSCRIZIONE ESTERO;U.D.EUR POPOLARI;9721;2006;
CIRCOSCRIZIONE ESTERO;ALTERNATIVA SOCIALE MUSSOLINI;7030;2006;
CIRCOSCRIZIONE ESTERO;ALT.IND.ITAL.ESTERO;3732;2006;
CIRCOSCRIZIONE ESTERO;AMARE L'ITALIA;3179;2006;
CIRCOSCRIZIONE ESTERO;FIAMMA TRICOLORE;1197;2006;
ITALIA;DC;10862073;1953;
ITALIA;PCI;6120809;1953;
ITALIA;PSI;3441014;1953;
ITALIA;P.NAZ.MONARCHICO;1854850;1953;
ITALIA;MSI;1582154;1953;
ITALIA;PSDI;1222957;1953;
ITALIA;PLI;815929;1953;
ITALIA;PRI;438149;1953;
ITALIA;UN.SOCIAL.INDIP.;225409;1953;
ITALIA;UNITA'POPOLARE;171099;1953;
ITALIA;PPST;122474;1953;
ITALIA;ALL.DEMOC.NAZIONALE;120685;1953;
ITALIA;PS D'AZ.;27231;1953;
ITALIA;IND.SIN.;21920;1953;
ITALIA;CENTRO POLITICO IT.;14493;1953;
ITALIA;P.MONARCHICO NAZ.IT.;8089;1953;
ITALIA;LISTA MONARCHICA;6759;1953;
ITALIA;UN.NAZ.DEM.IMP.PUB.;6581;1953;
ITALIA;P.NETTISTA ITALIANO;4305;1953;
ITALIA;P.RADICAL SOCIALISTA;3283;1953;
ITALIA;P.NAZIONALI FEDERATI;2895;1953;
ITALIA;MOV.SOC.CRISTIANO;2799;1953;
ITALIA;M.FEMMINILE IT.;1752;1953;
ITALIA;PPTT;1714;1953;
ITALIA;P.CRIST.MILITANTE;1473;1953;
ITALIA;MOV.NAZIONALE IT.;1257;1953;
ITALIA;P.UN.SOCIALE IT.;1101;1953;
ITALIA;P.VOLONTA'NAZIONALE;1010;1953;
ITALIA;P.FEDERALISTA IT.;866;1953;
ITALIA;M.GARIB.PART.D'ITALIA;762;1953;
ITALIA;P.ESISTENZIALISTA UN;716;1953;
ITALIA;P.UNIONE NAZIONALE;563;1953;
ITALIA;IND;530;1953;
ITALIA;DC;12912466;1972;
ITALIA;PCI;9068961;1972;
ITALIA;PSI;3208497;1972;
ITALIA;MSI;2894722;1972;
ITALIA;PSDI;1718142;1972;
ITALIA;PLI;1300439;1972;
ITALIA;PRI;954357;1972;
ITALIA;PSIUP;648591;1972;
ITALIA;MANIFESTO;224313;1972;
ITALIA;PPST;153674;1972;
ITALIA;MOV.POL.LAV.;120251;1972;
ITALIA;PC(MARX-LEN)IT;86038;1972;
ITALIA;DC-UV-RV-PSDI;34083;1972;
ITALIA;DEM.POP.;28886;1972;
ITALIA;PAPI;15304;1972;
ITALIA;STELLA ROSSA-R.S.;9108;1972;
ITALIA;AZ.CR.POP.;9068;1972;
ITALIA;RINN.DEM.NAZ.;5893;1972;
ITALIA;PCS (MARX.-LEN.);2958;1972;
ITALIA;FR.NAZ.SIC.;2884;1972;
ITALIA;UN.FORZE DEM.;2190;1972;
ITALIA;PART.AGRICOLTORI;1706;1972;
ITALIA;FR.UOMO QUALUNQUE;1017;1972;
ITALIA;DC;11640265;1992;
ITALIA;PDS;6321084;1992;
ITALIA;PSI;5343930;1992;
ITALIA;LEGA LOMBARDA;3396012;1992;
ITALIA;RIFONDAZIONE COMUNISTA;2204641;1992;
ITALIA;MSI-DN;2107037;1992;
ITALIA;PRI;1722465;1992;
ITALIA;PLI;1121264;1992;
ITALIA;FEDERAZIONE DEI VERDI;1093995;1992;
ITALIA;PSDI;1064647;1992;
ITALIA;LA RETE-MOV.DEM.;730171;1992;
ITALIA;LISTA PANNELLA;485694;1992;
ITALIA;LISTA REFERENDUM;319812;1992;
ITALIA;PARTITO PENSIONATI;246379;1992;
ITALIA;ALTRE LEGHE;220559;1992;
ITALIA;PPST;198447;1992;
ITALIA;CPA;192799;1992;
ITALIA;FEDERALISMO-PENS.UV.;154621;1992;
ITALIA;LEGA AUT.VENETA;152301;1992;
ITALIA;LA LEGA CAS-PENS.;133717;1992;
ITALIA;LISTE AUTONOMISTE;94583;1992;
ITALIA;ALTRE LISTE;59396;1992;
ITALIA;LEGA D'AZIONE MERIDIONALE;53759;1992;
ITALIA;MOV.VEN.REG.AUT;49035;1992;
ITALIA;VERDI FEDERALISTI;42647;1992;
ITALIA;L.VALLE D'AOSTA;41404;1992;
ITALIA;GRUPPO DOLCHI-FOSSON;30724;1992;
ITALIA;VERDI-VERDI;25887;1992;
ITALIA;LEGA;5698687;2018;
ITALIA;FORZA ITALIA;4596956;2018;
ITALIA;FRATELLI D'ITALIA CON GIORGIA MELONI;1429550;2018;
ITALIA;NOI CON L'ITALIA - UDC;427152;2018;
ITALIA;MOVIMENTO 5 STELLE;10732066;2018;
ITALIA;PARTITO DEMOCRATICO;6161896;2018;
ITALIA;+EUROPA;841468;2018;
ITALIA;ITALIA EUROPA INSIEME;190601;2018;
ITALIA;CIVICA POPOLARE LORENZIN;178107;2018;
ITALIA;SVP - PATT;134651;2018;
ITALIA;LIBERI E UGUALI;1114799;2018;
ITALIA;POTERE AL POPOLO!;372179;2018;
ITALIA;CASAPOUND ITALIA;312432;2018;
ITALIA;IL POPOLO DELLA FAMIGLIA;219633;2018;
ITALIA;ITALIA AGLI ITALIANI;126543;2018;
ITALIA;PARTITO COMUNISTA;106816;2018;
ITALIA;PARTITO VALORE UMANO;47953;2018;
ITALIA;10 VOLTE MEGLIO;37354;2018;
ITALIA;PER UNA SINISTRA RIVOLUZIONARIA;29364;2018;
ITALIA;PARTITO REPUBBLICANO ITALIANO - ALA;20943;2018;
ITALIA;GRANDE NORD;19846;2018;
ITALIA;AUTODETERMINATZIONE;19307;2018;
ITALIA;LISTA DEL POPOLO PER LA COSTITUZIONE;9921;2018;
ITALIA;PATTO PER L'AUTONOMIA;7079;2018;
ITALIA;BLOCCO NAZIONALE PER LE LIBERTA';3628;2018;
ITALIA;SIAMO;1428;2018;
ITALIA;RINASCIMENTO MIR;772;2018;
ITALIA;ITALIA NEL CUORE;574;2018;
ESTERO;PARTITO DEMOCRATICO;297153;2018;
ESTERO;LEGA - FORZA ITALIA - FRATELLI D'ITALIA CON GIORGIA MELONI;240702;2018;
ESTERO;MOVIMENTO 5 STELLE;197346;2018;
ESTERO;MOV.ASSOCIATIVO ITALIANI ALL'ESTERO;107236;2018;
ESTERO;USEI;68291;2018;
ESTERO;LIBERI E UGUALI;64523;2018;
ESTERO;+EUROPA;64350;2018;
ESTERO;CIVICA POPOLARE LORENZIN;32071;2018;
ESTERO;UNITAL;25555;2018;
ESTERO;NOI CON L'ITALIA - UDC;12396;2018;
ESTERO;MOVIMENTO DELLE LIBERTA';10590;2018;
ESTERO;PARTITO REPUBBLICANO ITALIANO - ALA;2270;2018;
ESTERO;FREE FLIGHTS TO ITALY;946;2018;
ITALIA;DC;14046290;1979;
ITALIA;PCI;11139231;1979;
ITALIA;PSI;3596802;1979;
ITALIA;MSI-DN;1930639;1979;
ITALIA;PSDI;1407535;1979;
ITALIA;P.RAD;1264870;1979;
ITALIA;PRI;1110209;1979;
ITALIA;PLI;712646;1979;
ITALIA;PDUP;502247;1979;
ITALIA;NUOVA SIN.UNITA;294462;1979;
ITALIA;DN-CD;229205;1979;
ITALIA;PPST;204899;1979;
ITALIA;ASSOCIAZIONE PER TRIESTE;65505;1979;
ITALIA;MOV.FRIULI;35254;1979;
ITALIA;UNIONE VALDOSTANA-DEMPROL-PLI;33250;1979;
ITALIA;UNITA' DELLA SINISTRA;23909;1979;
ITALIA;PS D'AZ.;17673;1979;
ITALIA;DC-PSDI-PRI;13442;1979;
ITALIA;POE;7371;1979;
ITALIA;PARTITO POPOLARE ITALIANO;6497;1979;
ITALIA;FRONTE GIUST.SIC.;5146;1979;
ITALIA;PART.CRIST.AZ.SOC.;3115;1979;
ITALIA;P.DEM.;3108;1979;
ITALIA;PART.BEN.CIV.;2991;1979;
ITALIA;PART.POP.CALAB.;2927;1979;
ITALIA;FR.NAZ.SIC.;2749;1979;
ITALIA;FIORE MARGHERITA;2123;1979;
ITALIA;MOV.POP.CRIST.;1921;1979;
ITALIA;ASS.VAL.IND;1907;1979;
ITALIA;NPP;1869;1979;
ITALIA;PART.SIN.DEM.;1516;1979;